<?xml version="1.0" encoding="UTF-8"?>
<beans xmlns="http://www.springframework.org/schema/beans"
	xmlns:xsi="http://www.w3.org/2001/XMLSchema-instance" 
	xmlns:mybatis="http://mybatis.org/schema/mybatis-spring"
	xmlns:context="http://www.springframework.org/schema/context" 
	xmlns:tx="http://www.springframework.org/schema/tx"
	xsi:schemaLocation="http://www.springframework.org/schema/beans 
       					   http://www.springframework.org/schema/beans/spring-beans.xsd  
       					   http://mybatis.org/schema/mybatis-spring 
       					   http://mybatis.org/schema/mybatis-spring.xsd  
       					   http://www.springframework.org/schema/context 
       					   http://www.springframework.org/schema/context/spring-context.xsd
       					   http://www.springframework.org/schema/tx 
       					   http://www.springframework.org/schema/tx/spring-tx.xsd">

	<!-- 加载资源文件: 数据库连接文件 -->
	<bean id="propertyConfigurer" class="org.springframework.beans.factory.config.PropertyPlaceholderConfigurer">
		<property name="location" value="classpath:/properties/jdbc.properties"/>
	</bean>
	<!-- 配置数据源 -->
	<bean id="dataSource" class="org.springframework.jdbc.datasource.DriverManagerDataSource">
		<property name="driverClassName" value="${driver}"/>
		<property name="url" value="${url}"/>
		<property name="username" value="${username}"/>
		<property name="password" value="${password}"/>
	</bean>
	<!-- 配置 mybatis -->
	<bean id="sqlSessionFactory" class="org.mybatis.spring.SqlSessionFactoryBean">
		<property name="dataSource" ref="dataSource"/>
		<!-- 扫描entity -->
		<property name="typeAliasesPackage" value="com.ssmdemo.entity"/>
		<!-- 注册mapper.xm -->
		<property name="mapperLocations" value="classpath*:/mapper/*.xml"/>
	</bean>
	<!-- DAO接口所在包名，Spring会自动查找其下的类 -->
	<bean id="mapperScannerConfigurer" class="org.mybatis.spring.mapper.MapperScannerConfigurer">
		<property name="basePackage" value="com.ssmdemo.dao"/>
		<property name="sqlSessionFactoryBeanName" value="sqlSessionFactory"/>
	</bean>
	
	<!-- 添加事务管理 -->
	<bean id="transactionManager" class="org.springframework.jdbc.datasource.DataSourceTransactionManager">
		<property name="dataSource" ref="dataSource"/>
	</bean>
	<!-- 采用注解方式管理事务 -->
	<tx:annotation-driven transaction-manager="transactionManager"/>
</beans>