<?xml version="1.0" encoding="UTF-8" ?>
<!DOCTYPE mapper PUBLIC "-//mybatis.org//DTD Mapper 3.0//EN" "http://mybatis.org/dtd/mybatis-3-mapper.dtd" >
<mapper namespace="com.ssmdemo.dao.UserDao">
	<insert id="add" parameterType="User">
		insert into user(username,password,email) values(#{username},#{password},#{email})
	</insert>
	
	<update id="update" parameterType="User">
		update user set username = #{username},
      password = #{password},
      email = #{email}
    where id = #{id}
	</update>
	
	
	<delete id="delete" parameterType="Integer">
		delete from user where id = #{id}
	</delete>
	
	<select id="findByID" parameterType="Integer" resultType="User">
		select * from user where id = #{id}
	</select>
	
	<resultMap type="User" id="userMap">
		<id column="id" property="id"/>
		<result column="username" property="username"/>
		<result column="password" property="password"/>
		<result column="email" property="email"/>
		<!-- <association property="" column=""></association> -->
	</resultMap>
	
	<select id="findAll" resultMap="userMap">
		select * from user
	</select>
	
</mapper>